1,Douglas,Anderson,christopher84@grant.info,Austria
2,Erik,Schwartz,hoffmanvirginia@yahoo.com,Ethiopia
3,Stephanie,Murray,danielleevans@yahoo.com,Cambodia
4,Sabrina,Harvey,sarahhayden@allen-hampton.com,Albania
5,Samantha,Thompson,carloshall@hammond-ruiz.com,Finland
6,Beth,Mcdonald,lfletcher@terry.net,Fiji
7,Rachel,Rice,justinhernandez@gonzales.com,Northern Mariana Islands
8,Benjamin,Haas,staceyoliver@yahoo.com,Falkland Islands (Malvinas)
9,Crystal,Berger,josephgray@hotmail.com,Belize
10,Cynthia,Bush,regina78@hotmail.com,Latvia
11,Teresa,Doyle,drussell@burns.com,Mauritania
12,Elizabeth,Barajas,thompsonkristy@hotmail.com,Sweden
13,Amy,Cooper,dgilbert@yahoo.com,Gabon
14,Christine,Nash,ellenboyd@hotmail.com,Luxembourg
15,Wayne,Sullivan,richardreid@gmail.com,French Polynesia
16,Mary,Maxwell,ryanricky@gmail.com,Ethiopia
17,Megan,Camacho,oklein@gonzalez.net,Jamaica
18,Jason,Robinson,amberparker@fernandez-ward.com,Myanmar
19,Laura,Hill,lthompson@gmail.com,Burkina Faso
20,Alyssa,Foley,garciaeric@pham.biz,Malta
21,Mary,Pierce,brenda95@shaw.org,Israel
22,Lindsey,Vincent,tammyjones@robertson.biz,United Arab Emirates
23,Carol,Garner,vwalters@prince-johnson.info,Oman
24,Christina,Henson,timsmall@richard-martinez.com,Sri Lanka
25,Karen,Hoffman,brendaross@robbins.com,Timor-Leste
26,Howard,Rodriguez,courtneysims@yahoo.com,Samoa
27,Courtney,Faulkner,qharris@ball.biz,Korea
28,Gina,Vasquez,martinjennifer@yahoo.com,Equatorial Guinea
29,Vicki,Jones,meagan98@turner-smith.info,France
30,James,Carr,adixon@hotmail.com,Gabon
31,Thomas,Bradley,nicole65@dawson.com,Iceland
32,Elizabeth,Knight,unguyen@maldonado.net,Singapore
33,Leon,Obrien,anna89@turner.com,Antigua and Barbuda
34,Rodney,Liu,douglasrobinson@yahoo.com,Bangladesh
35,Jennifer,Mitchell,craigsmith@webster-scott.com,Paraguay
36,Amy,Gonzalez,rharrison@harvey.net,Antigua and Barbuda
37,Tina,Johnson,millergary@collins.org,Antarctica (the territory South of 60 deg S)
38,Eddie,Rodriguez,bdavidson@gmail.com,Algeria
39,Dustin,Knox,dsmith@waters.com,Argentina
40,Amanda,Kim,jordanaudrey@johnson-martin.com,Seychelles
41,Stephen,Mitchell,ericavelez@hotmail.com,Lesotho
42,Carol,Taylor,rroach@alvarez.com,Palestinian Territory
43,Jessica,Campbell,oschneider@conner.com,Kyrgyz Republic
44,Amanda,Collins,joseph62@bush.info,Saint Martin
45,Mary,Diaz,burnettmarissa@gmail.com,Norfolk Island
46,Ricardo,Anderson,tapiadouglas@smith.com,Uruguay
47,Ann,Hughes,kday@gmail.com,Sierra Leone
48,Dennis,Adams,icooper@evans.biz,Saint Vincent and the Grenadines
49,Jacqueline,Smith,vcunningham@baker.com,Malaysia
50,Christine,Curtis,kaufmandavid@mitchell-preston.com,Malaysia
51,Patrick,Gillespie,wmathews@smith.com,Venezuela
52,Kathleen,Smith,jpatterson@fowler-jordan.com,Zambia
53,Paul,Carter,faith76@walsh-thomas.com,Ireland
54,Patricia,Walker,craigshelly@hotmail.com,Swaziland
55,Tonya,Henson,rjohnson@hotmail.com,Puerto Rico
56,Ashley,Conley,kjones@rose.com,Cayman Islands
57,Matthew,Baker,bmarks@hotmail.com,Reunion
58,Anthony,Martinez,elizabeth87@yahoo.com,Sudan
59,Jacqueline,Osborne,sonia27@gmail.com,Isle of Man
60,Daniel,Harrington,tracy89@yahoo.com,Egypt
61,Rhonda,White,harrisnathan@hotmail.com,Niue
62,Kristin,James,veronica39@gmail.com,Tuvalu
63,Michelle,Hall,kevin90@hotmail.com,Burkina Faso
64,Jennifer,Pena,lopezchristopher@chang.biz,Armenia
65,Dawn,Johnson,swilson@yahoo.com,Mali
66,Kristi,Cannon,xhernandez@hotmail.com,Guam
67,Joshua,Vaughan,serranojoseph@gmail.com,Yemen
68,Frank,Mcdonald,rachelmartinez@hotmail.com,Lithuania
69,Adam,Callahan,joshua37@holland.net,Syrian Arab Republic
70,Nicholas,Johnson,esmith@gmail.com,Mongolia
71,Cheryl,Santiago,ehansen@ramsey.com,Kazakhstan
72,Richard,Smith,fcarney@yoder.com,Korea
73,Valerie,Ellis,paul54@hotmail.com,Gambia
74,David,Peterson,hudsonnathaniel@hotmail.com,Saint Helena
75,Sherry,Singh,david36@gmail.com,Jersey
76,Richard,Young,bradleymontgomery@stone-mccullough.com,New Zealand
77,Brent,Jones,joseph12@baker.org,Guinea-Bissau
78,Kristen,Armstrong,vanessa24@gmail.com,Syrian Arab Republic
79,Benjamin,Nichols,zachary97@jacobson.org,Armenia
80,Rita,Matthews,burkediamond@burns.net,Jamaica
81,Jon,Rhodes,maria45@daniel.com,Namibia
82,Tina,Simmons,sullivanchristopher@gmail.com,South Georgia and the South Sandwich Islands
83,Scott,Hoover,kimharris@mayo.com,Cyprus
84,Helen,Wilson,mward@melendez.com,Bahamas
85,David,Mcfarland,tbryant@yahoo.com,Botswana
86,John,Wolf,thomasevans@hurst-flores.net,Italy
87,Ashley,Cabrera,jeffreynelson@yahoo.com,Reunion
88,Shari,Waters,sking@rose.com,Iceland
89,Darin,Garcia,cameronrobertson@yahoo.com,Togo
90,Stephanie,Waller,michael13@yahoo.com,Azerbaijan
91,Michael,Morales,randypope@yahoo.com,Saint Vincent and the Grenadines
92,Jill,Whitney,wclark@griffith.biz,Haiti
93,Madison,Holland,nicholas01@cortez.com,Macao
94,Brian,Murphy,stephen97@coleman.com,Korea
95,Scott,Woods,patriciarhodes@ford.org,Barbados
96,Kevin,Meyers,megan42@hotmail.com,Liberia
97,Olivia,Simon,williamsanchez@collins.biz,Denmark
98,Samuel,Sherman,logan94@yahoo.com,Namibia
99,Jody,Frye,gjackson@higgins.info,Madagascar
100,Tammy,Olsen,justin79@hotmail.com,Eritrea
